{
  "sections": {
    
      "header":{
        "type":"header"

    },
    "Hero-section": {
      "type": "hero_section"
    },

       "our_expertise":{
         "type":"adeel2"
       },
       "logo-section":{
         "type":"card"
       },
       "Model":{
         "type":"model"
       },
       "Why-work":{
         "type":"why"
       },
       "Top-logos":{
          "type":"top"
       },
       "form":{
        "type":"form"
     },
     "work":{
      "type":"clients"
   },
       "foot-info":{
         "type":"foot"
       }
  },
  "order": [
    "header",
    "Hero-section",
    "logo-section",
    "our_expertise",
    "Model",
    "Why-work",
    "form",
    "work",
    "Top-logos",
    "foot-info"
  ]
}